5111808.jpg,323.76576,274.0392,628.72256,295.3032,650
799014912.jpg,761.4832,718.6548,1185.2432000000001,804.4331999999999,111
547618816.jpg,824.1808000000001,603.0651989999999,930.8128,441.416833,"296,3333333"
744620032.jpg,236.39350000000002,187.653,428.38,267.950625,"136,5384615"
1046937600.jpg,279.33583999999996,203.70252,555.59336,176.59152,350
133038080.jpg,243.98757,234.011547,454.16367,201.018636,"153,5335689"
572260352.jpg,131.62121000000002,93.329714,234.606085,88.17532800000001,275
223739904.jpg,276.34496,245.18447999999998,511.85792,338.70096,"440,5555556"
522911744.jpg,315.5324,213.443268,376.448475,185.654112,225
584712192.jpg,306.3936,320.74992,493.85728,248.84928,"164,1956522"
744554496.jpg,252.4475,162.997913,452.84000000000003,220.88179599999998,"136,5384615"
928055296.jpg,330.10112,227.77584,619.79712,380.01936,300
226230272.jpg,585.833472,560.1192960000001,720.254976,351.203328,"440,5555556"
4259840.jpg,217.515,192.862875,392.063,157.353375,"162,5890411"
1000013824.jpg,322.113988,183.16296400000002,601.29314,230.830658,300
977600512.jpg,418.07679999999993,272.26800000000003,715.7248,276.6678,"131,6486486"
818479104.jpg,456.872208,404.29431,848.9824,334.31768999999997,"337,1333333"
48037888.jpg,144.3246,112.43231999999999,249.89159999999998,100.82961,"339,25"
252116992.jpg,128.258354,108.01221600000001,246.59182800000002,122.14336999999999,"129,1428571"
642777088.jpg,240.7645,132.49251,459.8905,207.77418,"212,539749"
356515840.jpg,407.6968,329.51820000000004,685.3744,381.4314,"161,5714286"
50790400.jpg,312.86848,229.4847,571.50784,251.27275,"339,25"
614727680.jpg,529.09056,374.01984000000004,865.542144,436.000512,"164,1956522"
315949056.jpg,161.12804400000002,88.399301,271.627048,120.990988,"150,6153846"
127729664.jpg,748.725,568.471904,1101.258,618.4578399999999,"153,5335689"
817627136.jpg,293.23526400000003,188.45554,565.002432,280.18788,"337,1333333"
556007424.jpg,379.1128,295.3422,492.8712,362.85839999999996,"296,3333333"
66846720.jpg,297.42548999999997,224.95348,539.47712,266.196438,"153,5335689"
386531328.jpg,213.01359999999997,148.6974,353.7008,277.9284,"190,6631579"
783941632.jpg,160.91616,121.78104,257.49152,165.2508,650
85655552.jpg,69.62768,69.01943999999999,123.52608000000001,51.80712,"164,1956522"
927399936.jpg,969.9999999999999,696.228,1209.392,842.0508,300
582549504.jpg,312.38912,227.67552,528.592,298.26528,"161,3480176"
41877504.jpg,205.901124,175.387473,360.93057,235.888746,283.6
775487488.jpg,329.7525,230.023872,396.13687500000003,281.75472,"153,5335689"
124125184.jpg,180.2588,161.898,241.88160000000002,180.9837,"153,5335689"
738787328.jpg,504.378368,405.53702400000003,1007.75424,596.595456,"136,5384615"
669581312.jpg,216.494,156.65279999999998,367.012,285.8409,"228,4"
316276736.jpg,202.061016,150.67476,399.258752,191.68344,"150,6153846"
53215232.jpg,743.4784,549.8127,1306.5632,462.4749,"339,25"
957743104.jpg,311.59587999999997,220.984554,428.43116000000003,219.280236,111
670760960.jpg,350.28279999999995,217.757,659.4979999999999,296.3595,400
350552064.jpg,239.24202,131.408322,446.389974,189.96275699999998,"150,6153846"
426573824.jpg,147.3429,110.030175,277.8879,153.64462500000002,"129,1428571"
349634560.jpg,357.46228,289.265405,511.26815999999997,262.7278,"169,8167539"
16252928.jpg,315.33888,236.892,498.7232,176.3184,"296,3333333"
357236736.jpg,373.9305,341.03565,670.7835,311.363174,"161,5714286"
809762816.jpg,222.25815,152.004054,440.5068,186.80361000000002,"441,7213115"
617218048.jpg,232.40208,181.50552000000002,421.66848000000005,169.52364,300
548405248.jpg,162.97946000000002,126.075615,257.189751,123.903025,"441,7213115"
79953920.jpg,344.81439,278.53585200000003,685.07685,227.19583599999999,300
4063232.jpg,74.7009,63.432096,135.3624,91.57579199999999,650
144244736.jpg,150.5736,128.9892,162.8106,100.7712,"169,8167539"
741998592.jpg,319.04832,255.6144,617.84448,326.53344000000004,"136,5384615"
945881088.jpg,315.81056,242.62703999999997,330.30656,256.5192,350
600113152.jpg,405.34720000000004,395.654428,778.3471999999999,240.43949800000001,"169,0728155"
175833088.jpg,329.43872,245.56655999999998,619.97504,424.30224000000004,"169,1666667"
758120448.jpg,119.673022,98.406694,205.468585,82.205366,"248,7692308"
941293568.jpg,398.1248,447.11460000000005,716.2952,243.6312,350
832110592.jpg,439.033455,166.46283599999998,767.449875,318.372024,"248,8846154"
85327872.jpg,283.8834,165.15873,535.8042,220.190751,350
298188800.jpg,134.344854,91.104534,249.310033,180.410688,"239,4029851"
807993344.jpg,243.63199999999998,180.683625,463.21299999999997,152.977125,"441,7213115"
41615360.jpg,151.20756,136.985544,268.97994,137.986098,"339,25"
718536704.jpg,316.73216,224.83728000000002,568.80448,346.39536,"136,5384615"
549978112.jpg,300.29643,249.499692,550.57502,246.72709799999998,398
132448256.jpg,330.91456,214.599098,416.56384,258.65909300000004,"153,5335689"
584122368.jpg,130.267158,100.05355999999999,195.72163799999998,126.76600200000001,"161,3480176"
275578880.jpg,1207.260236,868.415424,2254.521956,1508.840384,"286,9090909"
668991488.jpg,377.6759,343.18987500000003,540.4924,194.9682,400
297009152.jpg,133.283425,102.78652500000001,227.48329999999999,111.015852,293
489095168.jpg,243.5615,170.192304,357.469,264.710502,350
489947136.jpg,201.6408,132.666693,288.454,237.395307,"150,6153846"
947388416.jpg,284.1702,161.7044,509.5338,207.6676,"232,75"
602210304.jpg,517.15,436.061922,604.855,358.044933,450
787415040.jpg,148.0806,134.335125,261.53340000000003,161.2818,"228,4"
556269568.jpg,246.482,133.750375,468.012,266.749725,"296,3333333"
969801728.jpg,250.311672,149.94565500000002,268.495008,127.186262,"339,25"
81133568.jpg,296.3736,237.81060000000002,555.9402,283.79565,300
506658816.jpg,336.928,276.1296,540.87424,354.18816,"232,6296296"
969474048.jpg,240.45120000000003,179.33688,363.03456,230.3982,"440,5555556"
296288256.jpg,401.6776,388.79580000000004,774.1424000000001,381.15360000000004,"153,5335689"
742326272.jpg,512.869376,343.728384,931.540992,503.244288,"136,5384615"
171704320.jpg,162.302686,138.905605,260.663732,93.73101999999999,"232,6296296"
223215616.jpg,321.8752,280.84263000000004,582.00576,204.983958,"440,5555556"
19595264.jpg,247.05311999999998,171.84204,463.07856000000004,282.07367999999997,223
1034747904.jpg,731.1315,500.12800000000004,1353.7785,866.977,"162,8896321"
70385664.jpg,130.03871999999998,96.72897,184.89258900000002,115.90254,"153,5335689"
92471296.jpg,174.2877,133.953525,238.9767,146.556,350
48758784.jpg,253.3925,163.254827,458.5685,287.610534,"339,25"
897056768.jpg,821.7088,650.1156,1485.0896,830.8044,"164,1956522"
1039728640.jpg,555.2016000000001,402.75072,729.22464,418.38048000000003,"150,6153846"
42795008.jpg,356.29376,235.56095499999998,541.38112,276.993192,293
227344384.jpg,454.1877,284.192324,820.8566999999999,496.857868,"440,5555556"
598802432.jpg,713.9622400000001,555.020288,800.384,432.166912,293
927072256.jpg,322.79744,252.6912,533.01568,367.48752,300
554958848.jpg,585.768,407.7696,915.5555999999999,302.22319999999996,"337,1333333"
20119552.jpg,740.8624,479.7198,1162.864,604.1808,"248,8846154"
136577024.jpg,421.758064,287.893848,435.180928,293.95739999999995,51
511705088.jpg,403.177128,289.485912,378.091152,185.299992,283.6
667877376.jpg,370.842,256.78781799999996,432.04125,375.81016900000003,400
560988160.jpg,251.83299999999997,133.89695,378.8755,234.900325,"153,5335689"
54329344.jpg,323.38304,241.64111999999997,601.4048,282.30144,"441,7213115"
628621312.jpg,521.535488,442.61990399999996,922.487808,575.844096,107
753205248.jpg,1394.80096,1277.70152,1992.51024,952.6397599999999,"136,5384615"
901382144.jpg,506.83869400000003,345.98196,904.591706,543.04664,"158,5384615"
741343232.jpg,317.676359,191.64405000000002,577.26214,314.7183,"136,5384615"
975699968.jpg,144.3558,90.36765,283.4553,146.651175,"164,1956522"
426377216.jpg,215.70872799999998,196.8174,358.88632,187.71372,"232,75"
563216384.jpg,325.28512,270.40319999999997,470.19264,267.70128,"162,5890411"
1008205824.jpg,504.254464,421.26005699999996,736.279552,353.259894,"136,5384615"
645791744.jpg,318.76671999999996,276.08448,483.46688,267.61152,275
225116160.jpg,515.887104,404.020992,959.291392,431.20896000000005,"248,7692308"
863043584.jpg,110.679506,127.62290000000002,187.97054500000002,92.48697800000001,275
109772800.jpg,208.5768,183.3705,341.3092,194.4354,"153,5335689"
222887936.jpg,298.659,238.00192099999998,543.0600000000001,297.578491,"440,5555556"
313065472.jpg,307.34656,163.23731999999998,488.96512,151.632,"164,1956522"
573112320.jpg,393.204,321.24241500000005,725.5488,294.20322100000004,"164,1956522"
140050432.jpg,241.65264,199.74816,440.00784,214.28495999999998,"131,6486486"
1011417088.jpg,323.38176,235.17023999999998,535.7216,337.71024,107
1033109504.jpg,289.8432,246.69216,440.64064,290.62032,"162,8896321"
123863040.jpg,242.6832,150.61751999999998,426.3888,283.93452,"153,5335689"
1010761728.jpg,205.7566,194.38128,385.81668,206.33472,"141,6666667"
429719552.jpg,483.53239,248.798654,964.72611,489.25908200000003,"212,539749"
835911680.jpg,338.77824,259.9152,536.76928,364.8936,300
892993536.jpg,379.87968,259.04544,404.23104,334.96704,183
584843264.jpg,340.5376,300.30528,592.56,231.91104,"164,1956522"
975634432.jpg,316.65152,235.25088,580.2304,324.7296,"190,6631579"
223346688.jpg,281.54504,207.633434,485.61408,230.10593799999998,"440,5555556"
109969408.jpg,305.00758,238.453875,487.49517,210.133875,"153,5335689"
554041344.jpg,207.99198,181.632218,415.98438,167.25541500000003,"296,3333333"
1041170432.jpg,794.504,732.51512,1459.6,526.30696,"150,6153846"
814088192.jpg,376.45184,488.08955000000003,635.52256,326.33965,398
601817088.jpg,440.88527999999997,319.353624,790.44592,303.991328,"339,25"
556204032.jpg,307.804237,217.376112,535.75641,292.932576,"296,3333333"
1005780992.jpg,325.32096,243.50976,559.41056,408.25151999999997,"136,5384615"
89194496.jpg,135.031981,106.04602600000001,240.024365,132.67757,350
577306624.jpg,316.45248,240.86016,567.60064,282.64367999999996,"164,1956522"
48496640.jpg,158.5176,138.25996800000001,249.1191,122.221568,"339,25"
127008768.jpg,303.2742,226.3948,426.2622,269.8028,"153,5335689"
424869888.jpg,476.156928,397.782528,723.662848,420.68659199999996,"136,5384615"
864747520.jpg,90.8604,82.344955,179.0266,93.330755,275
433061888.jpg,326.37951999999996,261.74688,608.79296,395.08464,"233,5"
137822208.jpg,302.022,198.361875,492.23159999999996,181.79887499999998,"239,4029851"
19005440.jpg,319.67424,232.09452000000002,614.85568,418.58556,"136,5384615"
449511424.jpg,119.72496000000001,101.67312000000001,219.78336000000002,111.52464,"232,6296296"
534577152.jpg,149.15038800000002,77.332445,281.297908,154.664735,111
617545728.jpg,313.95776,244.00704000000002,627.91616,334.30704000000003,"164,1956522"
508887040.jpg,112.018049,70.88148,171.586389,105.449105,"190,6631579"
510656512.jpg,338.25536,268.68576,573.8905599999999,376.96320000000003,"232,6296296"
506920960.jpg,321.67808,235.132478,632.4947199999999,421.42611600000004,275
346030080.jpg,516.683776,378.09945600000003,956.68224,468.035328,"169,8167539"
594935808.jpg,639.77088,403.606622,1248.24192,680.6832979999999,"201,7173913"
392888320.jpg,128.402358,70.889928,252.002079,116.62077199999999,650
418447360.jpg,555.26625,381.68665500000003,952.9245,455.722309,"232,75"
44171264.jpg,388.536,379.6146,723.46,323.8716,"339,25"
1011548160.jpg,156.4098,105.746175,177.95280000000002,152.376525,225
128450560.jpg,280.049115,218.06756099999998,525.59943,257.64687,"153,5335689"
550043648.jpg,321.59936000000005,344.903409,604.40064,224.502621,"164,1956522"
522846208.jpg,349.0466,253.72250000000003,642.5391,301.753,300
581500928.jpg,127.921654,100.51275799999999,244.872586,160.730358,"161,3480176"
44236800.jpg,795.2528,539.0844,1525.0896,771.7392,"339,25"
612433920.jpg,150.80412600000002,58.008990000000004,214.897617,109.743465,"161,3480176"
924581888.jpg,315.05984,230.73024,575.14176,408.80352000000005,300
154992640.jpg,811.8945000000001,541.997974,1080.7514999999999,692.163332,111
273874944.jpg,516.79744,453.502464,824.09472,467.79724799999997,"286,9090909"
806289408.jpg,379.167972,272.9862,592.111092,384.20034,"169,0728155"
735248384.jpg,252.3145,218.350875,483.41450000000003,238.51500000000001,"136,5384615"
835387392.jpg,150.3837,95.534208,296.27459999999996,176.167845,"212,539749"
786104320.jpg,205.1189,153.460692,409.7622,286.345752,400
115408896.jpg,450.80010000000004,312.3204,719.1044999999999,470.31059999999997,"337,1333333"
561512448.jpg,227.832512,129.03959999999998,431.801648,134.91288,"153,5335689"
82182144.jpg,134.680038,89.161605,258.06782100000004,105.00615599999999,350
2424832.jpg,63.278687999999995,52.35063,114.73881200000001,67.725483,650
742195200.jpg,226.31454,207.5364,320.77404,147.17232,225
392298496.jpg,519.569408,384.19584,977.851392,568.724736,400
924844032.jpg,338.8056,340.974,639.0215999999999,335.4684,300
555024384.jpg,240.42767999999998,192.47264,478.01328,181.32672,"296,3333333"
809041920.jpg,637.8624,447.62359999999995,1094.69056,618.41325,"441,7213115"
1038942208.jpg,230.76189499999998,152.3484,380.681665,228.474423,"164,1956522"
1042612224.jpg,253.882,256.79835,488.699,202.2453,"232,6296296"
1310720.jpg,351.6646,222.68055499999997,656.7841,384.664531,650
571801600.jpg,121.976088,104.72378400000001,228.6524,149.413221,"286,9090909"
643825664.jpg,246.21984,164.9772,364.692,244.51272,275
1050869760.jpg,405.8832,268.05102999999997,714.7496,448.325488,"212,539749"
679542784.jpg,260.494,188.6454,355.49649999999997,202.3329,"141,6666667"
932577280.jpg,623.67744,613.76512,916.55552,473.311232,"162,8896321"
72679424.jpg,310.43776,225.04944,560.9945600000001,320.08944,"239,4029851"
818020352.jpg,478.71474,345.39648,878.3783,270.839712,"337,1333333"
1033699328.jpg,658.9248,433.58639999999997,846.9372,442.5784,"162,8896321"
298582016.jpg,231.86509999999998,180.332446,429.98796,150.999338,"239,4029851"
16318464.jpg,314.70848,289.42848,574.38784,271.69968,223
108855296.jpg,355.50576,127.5294,351.27,210.5031,"153,5335689"
944766976.jpg,413.3052,291.36674800000003,760.9959,221.067352,"164,1956522"
743899136.jpg,539.027456,363.134208,598.84544,378.62784,"136,5384615"
141688832.jpg,240.20640000000003,181.01268,453.20064,148.20228,293
979894272.jpg,880.99392,523.4496,1256.3232,429.90720000000005,225
1034682368.jpg,1162.7495999999999,878.4512,1671.3888000000002,1193.2384000000002,134
623247360.jpg,132.60359699999998,96.89426999999999,225.60195,172.864476,"162,5890411"
1052573696.jpg,324.80704000000003,216.09796,588.07808,408.433264,"286,9090909"
422510592.jpg,149.3739,70.551267,248.3778,80.897466,350
942931968.jpg,218.28247000000002,166.66815200000002,383.876472,178.597144,350
755171328.jpg,578.3964,324.28319999999997,1124.7240000000002,562.4,"136,5384615"
622657536.jpg,131.14361399999999,88.399204,248.774421,94.248498,650
641466368.jpg,252.26549999999997,243.71175,488.829,242.1765,"212,539749"
125894656.jpg,306.28352,296.068722,404.3232,217.702614,"153,5335689"
390594560.jpg,192.154,181.583496,308.3668,138.164757,"190,6631579"
559022080.jpg,535.565312,546.084864,928.222208,281.110272,"232,75"
564199424.jpg,344.5344,242.29632,534.28224,271.3104,"190,6631579"
42663936.jpg,278.36729199999996,192.541956,473.434528,234.957108,"339,25"
444137472.jpg,135.661869,98.91555600000001,200.187316,98.277684,"232,6296296"
389349376.jpg,293.693652,255.32532899999998,512.198568,279.356742,"201,7173913"
370081792.jpg,159.8912,80.25183999999999,292.65216,153.4824,"212,539749"
614072320.jpg,143.8167,84.22956200000002,245.41500000000002,156.220442,"164,1956522"
628424704.jpg,240.91056000000003,192.76307999999997,377.8176,225.53136,107
592576512.jpg,151.5594,98.367491,207.43980000000002,183.07701500000002,"164,1956522"
819527680.jpg,389.477644,380.16979200000003,678.3578699999999,252.576198,"339,25"
86310912.jpg,64.956672,66.276576,124.704128,45.561024,300
317980672.jpg,137.23134000000002,94.191552,248.379024,104.48274199999999,"150,6153846"
89784320.jpg,117.22872000000001,87.1101,220.3536,89.9973,300
1005649920.jpg,285.85143400000004,245.371302,527.59729,267.39779400000003,275
960692224.jpg,323.3664,257.514516,612.7581600000001,261.89700899999997,"232,6296296"
569245696.jpg,198.89440000000002,161.58483800000002,395.7484,222.317238,"232,75"
371261440.jpg,145.8948,90.708376,291.7896,119.71720800000001,"190,6631579"
3997696.jpg,145.82489999999999,85.364338,226.0332,143.982424,650
809631744.jpg,651.8886399999999,546.059328,1003.87328,590.219136,"441,7213115"
971440128.jpg,1023.066,740.271834,1520.552,993.762774,375
591855616.jpg,203.748536,181.54188000000002,336.90191999999996,239.80211999999997,"190,6631579"
832241664.jpg,200.1156,157.1088,363.4272,196.67970000000003,300
533331968.jpg,294.8016,167.650838,589.6032,315.66377700000004,111
312344576.jpg,171.25731000000002,91.772892,233.181132,71.101461,"337,1333333"
787677184.jpg,217.034961,134.536214,295.227933,169.89914,"228,4"
1042808832.jpg,521.988096,363.442176,862.512128,554.550528,134
90243072.jpg,124.05406,114.49802400000002,208.33852,86.397318,350
625606656.jpg,504.223744,418.91865600000006,942.004224,602.266368,"337,1333333"
248315904.jpg,306.2087,218.92040000000003,519.93014,265.35319999999996,"239,4029851"
764542976.jpg,213.64766399999996,176.30208,417.72946399999995,236.88035999999997,"248,8846154"
668925952.jpg,232.52985,193.206849,293.57370000000003,189.93802300000002,400
108396544.jpg,132.707887,117.18297600000001,251.239764,119.84017200000001,"153,5335689"
957087744.jpg,324.26367999999997,251.28672,583.03424,374.92704,225
533069824.jpg,181.30688,220.904574,202.847744,183.43753999999998,111
131203072.jpg,404.23280000000005,336.2748,590.1752,295.17060000000004,"153,5335689"
610402304.jpg,501.100544,465.274368,943.481856,599.557632,275
621674496.jpg,136.245914,109.76151399999999,243.00934,165.17334599999998,"162,5890411"
833224704.jpg,308.69460000000004,231.7688,557.094,277.6832,"232,75"
506855424.jpg,124.75372,102.57885800000001,222.29999999999998,154.04861,"164,1956522"
3538944.jpg,43.436766,37.479124,81.44800500000001,48.58909,650
356777984.jpg,151.673796,82.51567499999999,294.750828,149.695425,"150,6153846"
564985856.jpg,136.495849,117.227022,215.795433,153.29899400000002,"162,5890411"
138543104.jpg,251.0695,177.810345,436.897,267.20885699999997,"131,6486486"
391905280.jpg,153.1119,80.54480099999999,290.9079,116.910259,400
136511488.jpg,286.094322,184.98375000000001,507.55880199999996,278.55150000000003,"358,3076923"
39190528.jpg,138.69487500000002,92.601477,249.09335,110.195097,283.6
85917696.jpg,472.10778300000004,233.6088,926.689587,346.014168,"164,1956522"
792461312.jpg,970.04928,579.07872,1427.3049600000002,994.05144,"228,4"
642973696.jpg,248.1875,193.757625,427.57050000000004,268.47074999999995,"232,6296296"
227082240.jpg,222.03583,297.57529999999997,337.63154000000003,177.522972,"440,5555556"
764215296.jpg,311.6094,228.82004999999998,460.1544,305.40599999999995,300
248971264.jpg,152.6289,98.75394,212.2233,149.23728,"169,8167539"
41091072.jpg,318.47168,264.84911999999997,550.2432,207.62976,"339,25"
416153600.jpg,615.19353,264.30658,367.80207,175.54512,350
546635776.jpg,251.96249999999998,227.49294600000002,456.7505,164.21595299999998,"296,3333333"
619708416.jpg,251.75904,179.23247999999998,382.58831999999995,211.9662,"164,1956522"
928514048.jpg,327.54944,231.64416,621.91488,417.22896,"164,1956522"
172294144.jpg,363.14459999999997,233.45326599999999,571.2923999999999,357.04779099999996,"162,8896321"
969080832.jpg,223.21152,138.50284,353.39184,244.53268,375
735510528.jpg,276.91700000000003,187.1655,446.166,265.69237499999997,"136,5384615"
723845120.jpg,636.6592,501.56715,1137.47712,567.07835,"136,5384615"
689766400.jpg,236.84112,168.783163,461.58047999999997,219.990392,"232,75"
785842176.jpg,305.91104,248.36208000000002,560.28224,404.57471999999996,"190,6631579"
142147584.jpg,148.0806,137.481518,261.42330000000004,87.43077,"164,1956522"
833748992.jpg,321.69919999999996,308.94576,509.32160000000005,314.5776,300
315359232.jpg,127.869696,97.384896,237.816064,115.261824,"150,6153846"
550436864.jpg,234.253,98.634255,327.505,165.927225,"296,3333333"
95682560.jpg,100.0,52.027,200.0,75.4108,300
1441792.jpg,63.99237,52.262125999999995,127.94028,74.211382,650
560594944.jpg,682.65984,674.938938,897.84448,347.243478,51
2818048.jpg,337.62456,170.77595100000002,650.61792,264.448098,650
316735488.jpg,287.6886,159.873448,507.55379999999997,209.321136,"220,6021978"
88473600.jpg,387.8648,316.417416,708.336,332.369312,350
83689472.jpg,492.619776,380.292096,981.20192,453.4272,350
41484288.jpg,291.8838,238.262571,515.9976,273.654029,"339,25"
574029824.jpg,329.7152,279.49632,557.20384,288.60912,275
807796736.jpg,488.83712,349.92139,977.040384,629.372206,"441,7213115"
598933504.jpg,588.989256,316.303534,529.301105,164.99390599999998,"169,0728155"
1047592960.jpg,343.30624,241.12896,411.5712,333.42288,"164,1956522"
316997632.jpg,239.59,152.54962500000002,452.002,271.5495,"150,6153846"
446103552.jpg,195.96800000000002,166.0254,367.3732,229.9587,"150,6153846"
967966720.jpg,212.33478,134.14128000000002,249.20952,250.159,111
144506880.jpg,515.11808,447.451392,907.739136,296.69606400000004,"169,8167539"
668860416.jpg,159.9844,124.39492,281.38079999999997,193.75382,400
620298240.jpg,200.9144,215.7273,324.4484,167.94119999999998,"162,5890411"
741867520.jpg,483.198976,459.204864,777.447424,375.66873599999997,107
129433600.jpg,504.897536,442.75276800000006,970.386432,551.472384,"153,5335689"
225509376.jpg,300.033,227.73880000000003,511.51860000000005,262.10360000000003,"440,5555556"
622854144.jpg,374.04375,317.346315,666.8925,437.84766900000005,"162,5890411"
943718400.jpg,236.862,187.064748,448.43149999999997,150.32019599999998,"201,7173913"
669122560.jpg,349.95730000000003,204.800904,628.1212,304.53164,"201,7173913"
743440384.jpg,320.2016,283.70352,592.6592,322.89936,"136,5384615"
1014431744.jpg,277.669285,165.74623,524.557719,256.41254,"141,6666667"
836632576.jpg,291.48422,210.06871199999998,538.52188,266.76741,"212,539749"
594214912.jpg,811.896,669.048,834.5967999999999,387.0348,"201,7173913"
571408384.jpg,1730.975616,1239.751008,3185.8963200000003,1672.0966079999998,"286,9090909"
1047199744.jpg,293.38926,233.413652,552.55401,367.64558,"136,5384615"
691077120.jpg,136.32932499999998,120.564609,221.61865,74.11134,"339,25"
622788608.jpg,126.548436,104.92160200000001,195.490869,151.531654,"162,5890411"
671416320.jpg,318.28736,259.50144,618.2387200000001,440.99712,400
350355456.jpg,451.69632,374.40072000000004,821.39328,457.28136,"131,6486486"
719388672.jpg,341.104,226.697376,613.4136,368.472504,"136,5384615"
417005568.jpg,439.36300800000004,222.658656,834.961824,326.57952,"232,75"
1009516544.jpg,318.65472,245.92464,618.5363199999999,327.82272,"136,5384615"
108986368.jpg,400.16239999999993,406.6272,629.6967999999999,222.52980000000002,"153,5335689"
764805120.jpg,157.17776800000001,114.734307,300.66768,156.138681,"248,8846154"
737345536.jpg,294.689655,206.197189,492.49863,306.618334,"136,5384615"
490668032.jpg,215.37,161.73360000000002,330.1064,168.8412,"164,1956522"
85721088.jpg,77.28059999999999,63.424414000000006,133.7028,71.625389,"153,5335689"
1245184.jpg,231.13665,164.81976,284.2875,164.404688,650
670498816.jpg,248.7935,177.05386499999997,448.1305,233.06083999999998,400
892600320.jpg,884.9644800000001,654.1668000000001,905.6313600000001,668.8524,183
584581120.jpg,406.8408,259.153128,738.7528,454.108538,"161,3480176"
867172352.jpg,65.685888,64.946016,117.933056,51.522048000000005,"153,5335689"
85983232.jpg,149.9451,142.3611,298.4967,127.699875,350
582090752.jpg,203.37366,189.333622,304.57158,148.7454,"161,3480176"
85590016.jpg,200.85320000000002,163.545668,382.288,183.57917799999998,350
641073152.jpg,248.89872,183.5622,438.96816,188.48988,"212,539749"
949813248.jpg,339.68479999999994,219.176904,558.2719999999999,250.42415400000002,350
66650112.jpg,224.8785,108.714825,417.6441,182.1096,"153,5335689"
756940800.jpg,153.66180000000003,106.99182,224.6646,94.52735999999999,"248,7692308"
761397248.jpg,297.3444,318.7266,573.1032,348.06719999999996,"232,75"
901775360.jpg,314.84276800000004,230.87402799999998,338.91926,287.35774200000003,"131,6486486"
417988608.jpg,451.7784,284.9418,828.9702,254.75958,"232,75"
369491968.jpg,294.08000000000004,273.50784,533.2326400000001,308.76527999999996,"190,6631579"
971112448.jpg,158.32928,102.26496,203.76736,89.6004,375
905969664.jpg,343.1616,279.99744,506.32640000000004,207.77904,"185,7051282"
791412736.jpg,402.6256,318.6444,680.2472,406.40639999999996,"212,539749"
591921152.jpg,130.998648,100.61191799999999,222.423168,174.166146,"161,3480176"
616628224.jpg,204.62159999999997,145.75050000000002,387.4352,215.6919,225
250871808.jpg,332.192,228.14352000000002,604.45568,344.68464,"212,539749"
894173184.jpg,251.4905,192.42972,493.61699999999996,218.347605,183
1036845056.jpg,525.4029,484.19616099999996,698.6024100000001,362.969049,"162,8896321"
949682176.jpg,264.94517,218.832755,527.259845,375.68769000000003,350
224526336.jpg,267.310255,133.8635,463.46961899999997,222.39925,"440,5555556"
81854464.jpg,127.62009,96.37794000000001,245.59416,126.59886,300
619970560.jpg,322.67008,226.4736,598.44672,410.01792,"136,5384615"
57999360.jpg,672.93952,474.67008999999996,1127.66336,420.16156199999995,"339,25"
3014656.jpg,137.898842,92.247064,271.414736,150.761884,650
942604288.jpg,150.2223,144.2884,296.0352,95.18339999999999,"164,1956522"
417923072.jpg,314.875625,251.208125,602.425625,271.78268599999996,"232,75"
564461568.jpg,68.08032,66.58502399999999,123.884928,62.417736,"162,5890411"
533463040.jpg,237.09288,172.59964000000002,365.01669,278.94212,111
643235840.jpg,322.78272000000004,240.77231999999998,576.54784,264.89616,"201,7173913"
57802752.jpg,357.99399999999997,178.503176,583.8686,255.968248,"339,25"
671285248.jpg,852.3872000000001,661.0236,1180.36,462.4056,400
954204160.jpg,149.3952,101.64572000000001,298.4334,123.08863600000001,450
553123840.jpg,156.43259999999998,127.141697,184.66740000000001,70.82887600000001,"296,3333333"
793051136.jpg,774.2688,514.7783999999999,992.6816,910.8768,"212,539749"
548143104.jpg,154.35867000000002,133.97634599999998,261.410315,100.967328,"153,5335689"
359661568.jpg,325.75808,242.57472,592.52864,237.63072,"232,75"
775356416.jpg,638.4729600000001,394.786444,1032.24704,710.4313599999999,"239,4029851"
370671616.jpg,234.69552000000002,223.13736,466.78656,165.88908,"201,7173913"
1054081024.jpg,130.692408,116.012358,239.528256,135.540504,"212,539749"
761987072.jpg,235.07190999999997,166.778664,448.23148,209.792856,"248,8846154"
50266112.jpg,363.111744,265.84164000000004,542.938212,302.268699,"339,25"
117112832.jpg,313.73953,236.62023599999998,590.69986,340.931628,"153,5335689"
3144021498.jpg,897.349632,326.39948400000003,252.711936,326.723758,"337,1333333"
82575360.jpg,324.95385,241.44776,533.00325,380.831296,300
863830016.jpg,410.0176,321.066,698.7328,266.2134,275
806617088.jpg,519.579648,481.95456,958.495744,521.7507840000001,"441,7213115"
591659008.jpg,332.2,264.96405,314.9872,299.88135,"228,4"
41549824.jpg,125.688297,106.37504999999999,229.142739,70.588452,"164,1956522"
318832640.jpg,297.21959999999996,239.48839999999998,426.8058,284.48720000000003,"150,6153846"
717815808.jpg,510.82752,417.986304,896.903168,553.997568,"212,539749"
50135040.jpg,312.76476,258.19964600000003,508.72976,216.481538,"339,25"
92405760.jpg,113.929734,92.49551199999999,227.48358000000002,162.20796,300
1008926720.jpg,326.92224000000004,231.12192,583.21792,193.31856000000002,"169,8167539"
532217856.jpg,691.9423999999999,603.366448,844.8985600000001,451.422192,111
971177984.jpg,255.10888,153.771126,477.88,208.94094600000003,375
85786624.jpg,734.3798400000001,588.5881199999999,1350.48384,438.71976,350
581959680.jpg,279.561282,211.994108,425.712721,240.59066499999997,"161,3480176"
797769728.jpg,133.230768,94.85590400000001,259.507248,151.744736,300
42926080.jpg,165.815352,221.2105,287.84187,225.299,"201,7173913"
1048510464.jpg,251.72289999999998,208.58978,462.20844999999997,246.898421,350
371458048.jpg,316.03072000000003,286.58304,566.6368,354.46608,"190,6631579"
418906112.jpg,952.60032,966.65328,1445.01696,682.87536,"232,75"
1040318464.jpg,355.1925,175.0227,431.65395,249.9546,"150,6153846"
1048576.jpg,56.374615999999996,45.711174,112.74923199999999,70.45549799999999,650
575406080.jpg,127.571486,102.673918,254.816632,96.650218,"164,1956522"
609091584.jpg,504.20224,324.542976,847.886336,474.84288,"190,6631579"
753664000.jpg,799.0032,775.033589,932.0928,456.72828300000003,"136,5384615"
681639936.jpg,402.10725,236.370841,588.8835,368.361511,"141,6666667"
596443136.jpg,137.090304,110.026554,223.667916,131.729622,"164,1956522"
125763584.jpg,240.62160000000003,170.03232,454.60176,257.84896,"153,5335689"
318636032.jpg,302.3694,211.7646,548.739,200.82465,"150,6153846"
88342528.jpg,498.328576,392.168448,895.598592,401.897472,350
89587712.jpg,138.08418,107.01381599999999,165.41535599999997,105.36525999999999,350
1053556736.jpg,311.40544,250.55808000000002,611.9923200000001,319.72176,"212,539749"
566689792.jpg,150.0,116.08594799999999,300.0,136.779378,"162,5890411"
794296320.jpg,295.4616,324.886752,415.9176,215.173696,"212,539749"
679411712.jpg,244.3725,203.078692,468.099,168.546804,"141,6666667"
953090048.jpg,252.72048,151.3656,407.55936,185.55911999999998,"153,5335689"
929497088.jpg,408.299368,256.60353599999996,773.6705039999999,452.195352,300
818085888.jpg,317.3066,256.855305,588.0478499999999,290.38599,"337,1333333"
560726016.jpg,322.10048,274.82016,620.66624,221.87232,51
510263296.jpg,328.4832,243.14688,563.76128,302.61552,"232,6296296"
72351744.jpg,177.4624,133.90626200000003,334.92760000000004,191.93629,"153,5335689"
491716608.jpg,505.36064000000005,566.55552,811.8028800000001,648.62112,"169,8167539"
297533440.jpg,273.8445,199.25400000000002,354.59499999999997,247.9635,"239,4029851"
113180672.jpg,137.0952,106.120896,175.4434,96.58068,"169,8167539"
142737408.jpg,223.13711999999998,189.22932,407.81088,221.9364,"169,8167539"
931463168.jpg,221.987,221.85749599999997,308.3455,106.752412,"239,4029851"
294060032.jpg,109.632705,89.531675,209.870661,61.35377,"337,1333333"
564002816.jpg,122.169523,101.04684,205.584617,143.806574,"162,5890411"
815988736.jpg,385.55475,256.587086,690.01125,349.866965,"337,1333333"
897253376.jpg,518.848512,404.403456,856.988672,417.622272,"136,5384615"
893583360.jpg,329.46944,240.0,621.0611200000001,480.0,183
980877312.jpg,392.152,350.95799999999997,567.2832,411.6336,"239,4029851"
680984576.jpg,333.59360000000004,249.412365,473.57376,211.157685,"141,6666667"
108920832.jpg,317.48224,334.65168,589.28128,184.60368,"153,5335689"
43188224.jpg,128.45195999999999,130.906932,240.66848000000002,103.66157199999999,"153,5335689"
981336064.jpg,313.46,348.013587,380.2192,265.03069800000003,51
73203712.jpg,305.1738,195.3492,562.5906,369.0744,"153,5335689"
874577920.jpg,397.3848,305.967,760.3296,542.7906,"239,4029851"
390660096.jpg,194.038,104.3856,241.2236,104.723325,"201,7173913"
393609216.jpg,223.43573700000002,113.76660100000001,432.00227700000005,146.333603,400
1049690112.jpg,318.87104,255.10224,609.6992,251.25360000000003,350
719650816.jpg,399.39520000000005,301.382616,772.0944000000001,459.10116,107
890372096.jpg,526.51008,379.831296,940.693504,712.199424,183
63373312.jpg,200.5512,183.8136,360.12879999999996,182.148,"153,5335689"
1044119552.jpg,412.23280000000005,344.11920000000003,744.5255999999999,443.9466,350
505806848.jpg,443.05580999999995,450.17908500000004,870.145785,535.17252,275
416677888.jpg,526.871552,420.73420799999997,994.255872,365.65401599999996,"232,6296296"
558104576.jpg,206.4404,248.641835,371.1932,246.735827,51
33882112.jpg,313.69295999999997,171.22418499999998,467.666787,274.370258,225
371720192.jpg,252.26900000000003,191.542418,442.782,247.885569,"190,6631579"
319619072.jpg,127.704871,110.34817,239.78945199999998,131.72115,"150,6153846"
629735424.jpg,273.07962000000003,122.54006499999998,462.22866000000005,182.259865,"150,6153846"
527826944.jpg,331.28614999999996,213.38055,545.97725,329.2428,"136,5384615"
899350528.jpg,468.501504,299.310382,715.063296,523.063282,"169,8167539"
725024768.jpg,247.8235,196.65216600000002,467.165,258.167982,"136,5384615"
795738112.jpg,154.1358,116.903475,274.3167,108.3276,"286,9090909"
535560192.jpg,166.33259999999999,98.21793000000001,146.9898,132.43710000000002,300
954400768.jpg,128.02713,137.47335999999999,192.628935,82.06347,450
1041825792.jpg,233.36534,127.96717500000001,432.35065000000003,220.4535,"248,8846154"
375652352.jpg,335.34976,290.8368,558.81152,353.49312,"190,6631579"
573964288.jpg,312.3136,212.842042,596.18368,278.970538,450
867237888.jpg,406.02225000000004,155.857055,542.2379999999999,192.850645,275
274399232.jpg,317.29856,201.28425,582.94592,282.718075,"286,9090909"
1002635264.jpg,234.47328,185.1498,395.16528,182.04876,300
319422464.jpg,258.15264,224.16192,443.5152,250.90883999999997,"150,6153846"
145817600.jpg,209.86434,196.795312,398.85006,133.734768,"169,8167539"
876740608.jpg,528.263168,479.93625599999996,742.53312,404.38656000000003,283.6
949354496.jpg,324.81664,257.824572,484.81023999999996,201.325896,350
574685184.jpg,133.0,105.64312999999999,266.0,160.757374,"164,1956522"
557711360.jpg,154.7178,104.838183,281.7261,184.722015,"239,4029851"
609222656.jpg,112.624,95.329724,199.6775,106.52907200000001,"162,5890411"
275644416.jpg,313.269,187.789749,453.5586,276.48306,"286,9090909"
358088704.jpg,343.03552,247.13855999999998,406.1376,264.15072,"161,5714286"
73400320.jpg,311.3792,254.844276,528.23616,290.532852,"153,5335689"
755367936.jpg,293.42727,178.28176399999998,511.78427999999997,262.49755799999997,"248,7692308"
958201856.jpg,306.54208,371.43935999999997,409.00736,215.80223999999998,225
645726208.jpg,257.1096,143.370408,379.20000000000005,215.710284,"161,5714286"
368050176.jpg,140.5404,122.5377,253.9395,150.99772499999997,"190,6631579"
724893696.jpg,133.900572,96.412635,232.46293200000002,127.52849099999999,"136,5384615"
33488896.jpg,248.524,180.522963,310.8025,243.41334300000003,"136,5384615"
228065280.jpg,318.97535999999997,211.15968,578.46016,275.826054,"440,5555556"
1043398656.jpg,331.53513899999996,135.406152,606.3254340000001,251.829024,"169,8167539"
942407680.jpg,215.80425,211.60769200000001,387.0801,224.379655,350
930414592.jpg,836.29224,606.23325,1386.3763199999999,540.90015,"239,4029851"
946733056.jpg,697.5270399999999,550.6296600000001,1021.696,449.058026,350
783745024.jpg,267.68645799999996,252.464604,487.43809400000004,236.907496,"228,4"
315883520.jpg,516.685824,399.071618,972.847104,392.01291799999996,"150,6153846"
601358336.jpg,361.6824,378.558,715.5144,290.8662,"169,0728155"
808517632.jpg,441.63235199999997,123.235392,395.56272,164.618944,"441,7213115"
932380672.jpg,641.37856,529.28832,1272.42112,399.59136,"131,6486486"
906297344.jpg,481.75488000000007,322.20416,872.90784,316.0384,"131,6486486"
109314048.jpg,229.03124,185.905665,412.28052,206.098515,"153,5335689"
683474944.jpg,313.3224,237.31155,561.621,385.99155,"129,1428571"
227606528.jpg,329.52156,246.34839999999997,491.67288,247.9804,"440,5555556"
724828160.jpg,539.128832,324.168264,686.224384,370.295142,"136,5384615"
560201728.jpg,214.24185,167.534367,396.75105,150.592806,51
44433408.jpg,179.80769999999998,123.2703,146.89679999999998,72.342675,"441,7213115"
754253824.jpg,616.25344,416.10532800000004,862.93504,419.474184,"136,5384615"
156237824.jpg,488.619008,368.369342,687.428608,591.030066,"220,6021978"
114294784.jpg,381.42879999999997,270.36409299999997,719.3048,251.174621,"153,5335689"
612892672.jpg,291.8574,236.68650000000002,559.7508,255.55859999999998,"201,7173913"
575143936.jpg,200.0344,99.7162,293.41400000000004,182.525,"164,1956522"
798228480.jpg,280.0165,210.38085700000002,518.083072,300.010494,"286,9090909"
532414464.jpg,139.736592,84.308109,263.855448,162.429714,111
52559872.jpg,444.1032,344.35551599999997,877.2813,409.845983,283.6
897449984.jpg,644.916224,418.81344,686.60736,259.80057600000004,"141,6666667"
314441728.jpg,317.34937499999995,234.3972,548.014375,245.07880000000003,"169,1666667"
877330432.jpg,1040.5952,829.737406,803.7712000000001,381.97841999999997,283.6
787546112.jpg,560.93184,496.83782699999995,501.608448,395.88658300000003,"228,4"
111017984.jpg,321.30752,187.26384000000002,511.29984,284.45856,"153,5335689"
389283840.jpg,129.512691,102.44461,246.634822,151.458128,"190,6631579"
999751680.jpg,194.892,134.394,282.4196,210.68339999999998,"190,6631579"
621871104.jpg,413.03718000000003,252.77728,278.39488,255.64329,"162,5890411"
45088768.jpg,291.9072,213.27185000000003,539.5644,291.44399300000003,"441,7213115"
1046675456.jpg,415.5088,286.209,703.0015999999999,238.36802400000002,"164,1956522"
620363776.jpg,87.573896,94.282825,175.147586,120.2152,"162,5890411"
873791488.jpg,285.392,263.26896,474.68672,299.88192000000004,"136,5384615"
80478208.jpg,107.05760099999999,67.167084,211.722994,104.54771099999999,275
509280256.jpg,176.27839999999998,141.2286,317.3636,275.2416,300
818937856.jpg,260.022,196.737255,399.73150000000004,176.213367,"337,1333333"
35651584.jpg,317.75552,201.83767,613.2108800000001,320.27601,225
949223424.jpg,321.80608,301.33632,441.49183999999997,246.60816,350
1040842752.jpg,224.79628399999999,203.00904,393.30882599999995,164.25266000000002,"232,6296296"
809893888.jpg,473.9072,502.232064,828.898304,387.20409599999994,"441,7213115"
509804544.jpg,210.7952,162.74519999999998,368.164,228.90720000000002,"161,3480176"
772734976.jpg,500.57700000000006,333.284559,804.201,431.597691,"239,4029851"
783089664.jpg,817.9824,603.9731999999999,1292.536,1078.188,"228,4"
866713600.jpg,539.44832,283.942656,804.850688,340.619904,"201,7173913"
534642688.jpg,255.726295,120.75096400000001,338.538321,238.429236,111
560005120.jpg,160.97824,101.617188,265.49408,117.57962099999999,51
585695232.jpg,186.84619999999998,165.57732,278.859712,257.067,"164,1956522"
953286656.jpg,144.638925,108.757154,270.326775,126.904568,450
934215680.jpg,313.77664,243.36527999999998,623.6608,394.60416000000004,"131,6486486"
73728000.jpg,127.598422,107.272494,209.912507,126.128518,"153,5335689"
776208384.jpg,658.34496,513.72215,1160.17408,466.3933,"254,4"
932052992.jpg,951.1487999999999,549.2868,1233.27744,644.8584000000001,"239,4029851"
393281536.jpg,125.93875,102.857442,211.848791,90.609058,"201,7173913"
722141184.jpg,183.955758,104.09868300000001,306.57883200000003,122.57423399999999,"136,5384615"
811794432.jpg,381.44973,286.13588400000003,606.138048,161.15017200000003,"339,25"
947519488.jpg,319.64625,192.83845,520.48125,336.74625,350
42860544.jpg,212.4174,229.1715,362.4954,181.894125,"339,25"
561315840.jpg,229.834836,169.888077,449.15871,191.11372,225
790429696.jpg,505.94304,364.59263999999996,867.226624,610.308096,350
506462208.jpg,504.071168,398.16576000000003,937.893888,508.310784,"232,6296296"
419299328.jpg,963.5337,793.271352,1486.8279,583.80348,"232,75"
420937728.jpg,391.0544,267.822,522.7112,409.0074,"440,5555556"
1043988480.jpg,227.50976,236.56512,432.026112,211.618944,350
786890752.jpg,263.08992,282.8016,428.04864000000003,335.58,"228,4"
927334400.jpg,310.50944000000004,260.26608,500.30144,427.28928,300
630652928.jpg,237.71136,194.83992,354.2976,226.00151999999997,107
626589696.jpg,239.16624000000002,181.24308000000002,386.38032,256.72968000000003,107
561119232.jpg,168.5695,214.45108399999998,271.416,141.14316,51
1013055488.jpg,214.182328,253.67795999999998,273.541056,144.8784,"129,1428571"
252706816.jpg,145.551,85.81545,285.4776,116.888625,"190,6631579"
893059072.jpg,327.43808,256.13903999999997,575.00992,355.24751999999995,183
576389120.jpg,513.262592,395.452416,1018.845184,643.6139519999999,"164,1956522"
184287232.jpg,797.7328,666.6708,1105.2224,659.0136000000001,225
312475648.jpg,149.2389,97.799175,269.7588,146.529225,"131,6486486"
511049728.jpg,391.299096,267.63078,708.9830039999999,373.58445600000005,"150,6153846"
897843200.jpg,467.965952,372.932343,682.138624,275.449802,"169,8167539"
509673472.jpg,157.18290000000002,104.100075,254.4849,147.412575,"161,3480176"
772669440.jpg,795.7008,588.2401199999999,972.1088,630.044376,"254,4"
527368192.jpg,496.76346,257.956304,951.1098900000001,399.722848,"286,9090909"
554827776.jpg,270.3336,166.38832,334.10783999999995,128.08012,"296,3333333"
513015808.jpg,321.068125,220.959648,583.675625,382.766436,"441,7213115"
546963456.jpg,314.5416,229.5232,402.40560000000005,219.6416,"296,3333333"
614334464.jpg,267.91776,181.80065199999999,519.282192,263.2388,"164,1956522"
443154432.jpg,208.713772,159.48058799999998,364.299476,174.827874,225
55967744.jpg,642.7110399999999,516.7864,1182.98752,325.448,"339,25"
776077312.jpg,299.4834,203.66177399999998,444.76439999999997,288.87118599999997,"254,4"
66781184.jpg,149.5182,116.8407,286.12800000000004,142.75395,"153,5335689"
798490624.jpg,231.063616,193.86124800000002,433.872768,175.858032,300
360906752.jpg,132.19648,64.45075,200.50263999999999,125.88315999999999,"190,6631579"
81461248.jpg,291.11524000000003,203.784432,580.585936,199.88812000000001,300
507838464.jpg,437.13715,186.4304,750.4802999999999,300.5916,300
224460800.jpg,274.40336,243.88224,545.37336,266.12292,"440,5555556"
1051590656.jpg,428.4416,320.4342,572.4864,343.14180000000005,"212,539749"
1050804224.jpg,333.34912,255.613206,540.85696,324.57323399999996,"212,539749"
67371008.jpg,125.473068,117.849374,223.39371599999998,110.462048,"232,75"
942276608.jpg,158.67833000000002,116.821206,191.60437,83.097732,450
744226816.jpg,343.59552,233.84304,493.904,289.87343999999996,"136,5384615"
819068928.jpg,332.4438,215.600256,399.89105,156.28723200000002,"337,1333333"
762642432.jpg,380.99775,239.37384799999998,633.47925,354.355764,"248,8846154"
428539904.jpg,271.5031,198.711233,531.28295,368.425323,"212,539749"
616562688.jpg,344.49088000000006,326.3112,565.5808,303.57023999999996,"164,1956522"
183566336.jpg,374.77642399999996,169.31101,421.016698,172.55783,"131,6486486"
124846080.jpg,250.06650000000002,157.49937,454.325,252.46592399999997,"153,5335689"
33554432.jpg,198.2372,151.653348,362.22520000000003,160.503084,225
446693376.jpg,140.974965,108.53819700000001,277.360575,162.686418,"232,6296296"
862388224.jpg,238.32144000000002,220.31892,433.54368,179.96616,275
319356928.jpg,198.3808,149.41344,376.4328,161.28888,"150,6153846"
626327552.jpg,240.9864,219.25152,378.16895999999997,191.64708,107
85458944.jpg,510.178304,422.41843199999994,933.484544,318.39744,300
959315968.jpg,323.10720000000003,244.28832,492.85760000000005,442.88256,"286,9090909"
133955584.jpg,151.4451,75.1242,288.6594,120.30735,"153,5335689"
160038912.jpg,316.92096,255.65856000000002,522.27008,263.44464,"131,6486486"
57147392.jpg,299.05212,264.550739,502.5915,196.55483400000003,"339,25"
1049624576.jpg,554.100736,480.228096,776.57088,381.199104,350
595787776.jpg,256.5865,191.142375,426.0115,269.996625,"190,6631579"
145424384.jpg,190.3732,91.1823,306.3088,143.193,"169,8167539"
990380032.jpg,272.0508,177.24166,370.10699999999997,269.67168,107
88145920.jpg,169.91631800000002,78.938412,332.848204,140.123176,350
795803648.jpg,391.358725,279.803313,643.143825,456.394152,300
431751168.jpg,773.2096,785.4636,1355.8896,553.0692,"169,8167539"
18808832.jpg,294.83642499999996,250.819157,527.1393,258.984452,223
691339264.jpg,154.1811,108.98998499999999,252.3306,102.82544999999999,"136,5384615"
903479296.jpg,317.36575,153.69696,473.8253,172.60631999999998,"131,6486486"
578158592.jpg,200.18319999999997,152.682,396.8952,151.66289999999998,"164,1956522"
1001848832.jpg,828.3807360000001,627.3838079999999,1465.2576,961.168896,300
425000960.jpg,504.869888,552.9592319999999,1009.739776,425.33376,"201,7173913"
935329792.jpg,290.58959999999996,203.888736,561.208956,276.556332,51
293863424.jpg,486.409,403.5825,918.969,465.6975,"239,4029851"
310181888.jpg,537.86112,478.269636,935.10528,492.64279600000003,"201,7173913"
309723136.jpg,1038.3534,686.387394,1856.2172999999998,618.781086,"339,25"
818216960.jpg,245.751165,126.70190999999998,476.629065,133.206374,"337,1333333"
621215744.jpg,128.951697,87.92662,224.49524300000002,165.890176,"162,5890411"
111673344.jpg,335.29404999999997,265.17834000000005,559.2808,258.465228,"153,5335689"
1013121024.jpg,511.36,382.580736,829.210624,570.531072,107
84934656.jpg,382.43226400000003,214.480098,429.623992,248.831088,350
140115968.jpg,320.30848,251.257875,619.76,327.250425,"169,1666667"
318177280.jpg,128.309636,95.876158,200.528937,112.44938400000001,"150,6153846"
1033633792.jpg,316.0448,241.05551999999997,556.2688,321.27072,"162,8896321"
39714816.jpg,325.39392,228.17088,611.88736,419.65103999999997,"441,7213115"
786169856.jpg,508.23168,399.207936,1008.729088,737.58336,"228,4"
951189504.jpg,316.61217,226.89828,581.40117,208.93277999999998,450
15859712.jpg,302.16512,199.52688,556.04736,344.36448,223
36696885144.jpg,482.480128,322.58964,900.248576,369.23431500000004,398
784662528.jpg,466.23232,390.925824,886.924288,747.108096,"228,4"
493486080.jpg,129.58806,109.68469,241.708901,124.653342,275
506068992.jpg,120.60663600000001,75.616119,236.21160899999998,137.941671,"212,539749"
93585408.jpg,977.326,640.602802,1560.038,998.433884,300
376373248.jpg,235.89444,100.5026,423.96728,192.7826,"162,5890411"
945487872.jpg,1062.815744,842.4705480000001,1730.39616,992.5643100000001,"153,5335689"
33751040.jpg,262.11,171.8217,523.8054000000001,231.4473,"136,5384615"
836304896.jpg,314.28224,258.87791999999996,379.89184,242.77151999999998,300
582811648.jpg,172.981662,127.53104,312.22348,154.00242,"201,7173913"
133693440.jpg,192.1773,151.371675,201.11010000000002,80.79187499999999,"153,5335689"
596115456.jpg,207.92639999999997,101.7062,344.7416,186.59140000000002,"190,6631579"
418381824.jpg,879.3872,804.228,1300.856,642.3671999999999,"212,539749"
84344832.jpg,184.57533600000002,129.73024999999998,341.006193,140.27925,350
515506176.jpg,340.8601,296.756328,679.7637,550.63184,350
972292096.jpg,648.95872,569.6592,1116.20864,380.40384,375
448397312.jpg,99.0286,64.53575000000001,196.759,89.447875,300
124190720.jpg,314.8458,158.1868,464.49,235.0484,"232,75"
989855744.jpg,789.199567,548.168729,986.9249130000001,400.583571,"169,8167539"
752025600.jpg,614.6460000000001,661.9986,743.1588,442.90889999999996,"136,5384615"
672464896.jpg,265.252224,223.048704,500.842304,180.66444,400
510853120.jpg,410.69440000000003,248.927646,648.02,400.345484,"228,4"
310706176.jpg,240.888,159.24312,391.12704,203.715,"201,7173913"
753139712.jpg,640.32512,570.42336,1181.99424,569.27808,"136,5384615"
655360.jpg,82.583556,58.78227,130.800476,85.699326,650
350617600.jpg,321.55968,257.07792,538.5568,204.59951999999998,"440,5555556"
643170304.jpg,254.0505,186.715125,389.70500000000004,218.962875,"190,6631579"
934084608.jpg,302.064918,257.72265,575.958866,270.37800000000004,"239,4029851"
42729472.jpg,356.4612,300.93066,612.51768,280.90044,293
584187904.jpg,400.0888,287.90340000000003,689.8288,373.7484,"161,3480176"
40370176.jpg,132.27622100000002,98.35606000000001,207.334421,123.70895,"339,25"
429391872.jpg,328.06080000000003,287.67216,597.9603199999999,305.85936,"233,5"
67436544.jpg,507.235328,463.98182399999996,858.55744,473.98732800000005,"153,5335689"
948502528.jpg,831.11808,511.3776,623.93984,315.156,350
84541440.jpg,180.794598,147.647,291.01214100000004,147.67125000000001,300
815792128.jpg,188.8287,113.99307900000001,159.40949999999998,71.649258,450
807600128.jpg,237.035448,146.409435,460.83491999999995,175.032045,"441,7213115"
875429888.jpg,298.88424000000003,197.06506399999998,581.70672,220.62465600000002,283.6
422707200.jpg,316.012158,273.0416,632.025009,275.91407999999996,"232,75"
955383808.jpg,389.092781,202.72190400000002,356.577165,287.507177,350
929103872.jpg,549.55584,452.540736,1094.126976,657.592128,300
107610112.jpg,402.68879999999996,392.601,659.4464,261.4356,"440,5555556"
52297728.jpg,519.1289999999999,376.5225,620.1600000000001,363.6705,"339,25"
187629568.jpg,511.024128,411.85152,864.738304,336.471552,"131,6486486"
86441984.jpg,440.882783,458.780662,849.694123,434.958988,300
1000079360.jpg,283.86719999999997,226.22129999999999,533.8518,378.4833,"164,1956522"
552665088.jpg,329.10015999999996,258.714344,591.69088,315.217238,275
973668352.jpg,313.71264,232.9608,577.56672,324.75455999999997,"165,1666667"
533200896.jpg,213.196698,138.840612,380.29134,213.494368,111
890109952.jpg,311.35872,258.45120000000003,566.4883199999999,311.27616,183
360054784.jpg,323.69728000000003,228.97584,628.28096,282.91056,"161,5714286"
565116928.jpg,277.25665,176.56384,523.4779,255.70944,"162,5890411"
507248640.jpg,303.92448,197.66244,529.65504,357.90136800000005,"212,539749"
394133504.jpg,514.651136,360.622516,1018.698752,356.580956,"201,7173913"
970588160.jpg,248.51500000000001,191.07225000000003,406.4065,228.751875,375
274726912.jpg,245.4105,187.1955,462.62350000000004,264.705,"286,9090909"
890634240.jpg,339.8197,214.29765,235.70525,303.2136,183
44498944.jpg,149.6994,89.736463,265.0992,86.410178,"339,25"
927465472.jpg,320.29055999999997,257.12496,524.16896,313.50383999999997,350
866582528.jpg,384.824,335.41679999999997,756.832,471.35519999999997,275
954073088.jpg,145.25798400000002,86.657725,192.65875200000002,98.4445,350
624164864.jpg,403.35162,274.685076,700.407744,374.750496,"162,5890411"
443613184.jpg,174.5496,150.01784999999998,224.8149,98.933175,"232,6296296"
1046020096.jpg,258.89152,245.090741,333.35168000000004,180.26189300000001,350
756809728.jpg,119.702807,99.9682,200.95551,80.02247799999999,"248,7692308"
72024064.jpg,258.3975,168.831075,409.27049999999997,205.445647,"153,5335689"
611450880.jpg,519.07072,393.934848,932.691968,550.980096,"190,6631579"
954662912.jpg,296.918685,286.09228,535.569615,257.691935,450
595853312.jpg,245.06688,208.81115999999997,425.38512,221.24232,350
18350080.jpg,244.15104,218.89224,373.49136,227.94696000000002,"136,5384615"
146669568.jpg,334.146765,171.856325,427.72981500000003,314.187948,"169,8167539"
46399488.jpg,340.5184,267.50976,410.3424,163.50192,51
441974784.jpg,210.46284000000003,145.521884,399.44226000000003,262.263776,"212,539749"
272564224.jpg,317.51743999999997,167.657068,416.66176,299.021158,"286,9090909"
93454336.jpg,158.57181,110.89206,208.30473,107.73575999999998,300
865861632.jpg,133.512946,88.101996,235.610487,103.767884,350
388890624.jpg,316.32256,262.28976,615.59104,215.55072,"201,7173913"
1053949952.jpg,811.6479999999999,679.7424,1385.2928,767.3520000000001,"232,6296296"
20316160.jpg,318.28544,226.26192,584.50176,300.23328,223
583925760.jpg,132.47073,104.494608,208.896191,159.294176,"162,5890411"
788463616.jpg,472.938496,416.664576,886.469632,684.129792,"212,539749"
390725632.jpg,145.8807,128.121525,250.0086,129.59144999999998,"190,6631579"
817102848.jpg,155.26771200000002,215.170668,299.256336,159.2055,"337,1333333"
134152192.jpg,141.89835,91.86325500000001,224.230875,173.900142,"153,5335689"
1376256.jpg,311.98016,263.04576000000003,536.35392,271.26816,650
807337984.jpg,582.0408,373.74564000000004,674.0748000000001,185.77319999999997,"441,7213115"
958464000.jpg,307.68064,222.45456,591.24352,408.73632,225
600702976.jpg,804.8016,617.88,1504.2640000000001,752.706,400
91553792.jpg,322.06656000000004,246.495571,518.21888,265.921082,350
372768768.jpg,163.38688000000002,120.73488,313.22656,229.46016,300
959578112.jpg,202.14624,181.4688,367.25184,246.81275999999997,"232,6296296"
515375104.jpg,386.41949999999997,274.546387,699.15,381.585073,275
133300224.jpg,319.95712000000003,251.56128,578.96192,236.93664,"153,5335689"
642187264.jpg,346.28928,313.85328000000004,480.54976000000005,258.51887999999997,275
87162880.jpg,276.96752,205.26469600000001,545.73124,178.53329000000002,300
581435392.jpg,126.60023600000001,100.191494,237.936566,175.189372,"190,6631579"
578617344.jpg,196.122367,135.66917999999998,325.31728300000003,122.249805,"164,1956522"
226164736.jpg,340.00448,230.10048,544.0352,296.85504,"440,5555556"
371130368.jpg,509.980672,496.724736,1013.481472,542.54976,275
64356352.jpg,225.83712,207.32724,412.8192,214.9092,"153,5335689"
392429568.jpg,141.9618,135.1116,256.2504,121.96957499999999,"201,7173913"
566427648.jpg,245.92560000000003,195.70464,440.352,294.94656000000003,"162,5890411"
613285888.jpg,530.500608,354.299904,911.50336,308.280576,"201,7173913"
785383424.jpg,308.91072,241.73472,601.1692800000001,389.55647999999997,"228,4"
373751808.jpg,196.95818,112.462596,358.08578,217.99604399999998,"164,1956522"
441581568.jpg,201.1148,165.87775499999998,356.5632,155.34780899999998,"150,6153846"
136970240.jpg,285.670954,237.309375,495.07737,189.5445,"248,7692308"
834666496.jpg,962.77815,817.7927940000001,1740.1452749999999,1475.711874,300
549584896.jpg,335.15520000000004,109.17432,479.87008000000003,184.52016,"296,3333333"
1035337728.jpg,315.10784,211.405482,548.33216,346.315848,"162,8896321"
982056960.jpg,308.5536,271.69995,521.83872,231.081425,"131,6486486"
816316416.jpg,158.0157,113.512521,225.46169999999998,98.31675,"337,1333333"
1038024704.jpg,593.664,501.755683,1126.2688,790.3845180000001,"162,8896321"
849936384.jpg,149.8254,87.2916,297.3033,171.857675,300
252641280.jpg,978.857671,708.334757,1936.751847,1307.619287,"164,1956522"
865599488.jpg,154.419944,118.900092,254.45876800000002,194.58410999999998,275
1037107200.jpg,370.5376,300.88800000000003,375.85087999999996,267.43488,"162,8896321"
252968960.jpg,128.090004,109.477304,237.94200500000002,128.824924,"228,4"
786300928.jpg,323.414624,244.79055,454.151672,346.67685,650
90112000.jpg,132.0371,88.23224900000001,239.8162,87.579347,300
1052966912.jpg,454.5192,339.7854,549.4496,363.85560000000004,"212,539749"
94044160.jpg,128.332687,132.93578399999998,245.492114,90.892298,350
54198272.jpg,419.55422400000003,277.153932,660.583482,232.457208,225
926613504.jpg,532.895744,395.31648000000007,942.093312,515.718912,300
896991232.jpg,768.088,544.4448,1176.8752,671.9052,225
563019776.jpg,164.38943999999998,121.76712,302.86464,209.06592,"162,5890411"
816054272.jpg,156.983376,110.11968,193.74326399999998,83.218212,"337,1333333"
721944576.jpg,315.61472,235.52736000000002,497.60384,250.29456,"136,5384615"
311885824.jpg,287.78885,146.9385,323.12431999999995,171.9105,"339,25"
689307648.jpg,152.373,107.02305000000001,276.4986,133.9839,"141,6666667"
112394240.jpg,593.86695,486.882874,894.3450660000001,834.3764,111
567869440.jpg,676.58368,507.66816,1008.46208,633.23424,"162,5890411"
550502400.jpg,523.072512,407.70201599999996,925.543424,403.85894400000006,"296,3333333"
225705984.jpg,404.4576,235.97627900000003,673.004,366.68780499999997,"440,5555556"
894894080.jpg,238.34449999999998,171.892935,436.487,243.221202,183
1013972992.jpg,197.8728,108.09568,350.9288,181.018485,107
449904640.jpg,179.6417,123.35532599999999,332.66695,180.301458,"212,539749"
626196480.jpg,313.70176000000004,230.05008,520.2502400000001,336.61632000000003,107
671023104.jpg,354.01239999999996,199.30805999999998,670.3291,327.30222,400
444399616.jpg,325.50144,241.95792000000003,614.73536,332.25888,"212,539749"
775684096.jpg,295.62368,175.75415999999998,508.54336,255.60288,"339,25"
515899392.jpg,446.9463,268.49502,842.3271,355.37022,"248,7692308"
609681408.jpg,256.111,223.726875,460.989,287.721,"190,6631579"
928251904.jpg,621.3309449999999,359.517534,1180.936035,673.665372,300
389414912.jpg,523.754496,377.09568,915.88096,548.1216,"190,6631579"
976486400.jpg,136.49304,99.64754799999999,218.27874,95.823364,"164,1956522"
491978752.jpg,127.036133,76.594498,254.072525,134.89906399999998,275
36962304.jpg,299.16518399999995,178.19823999999997,375.357888,298.516064,"136,5384615"
46006272.jpg,249.1854,142.0737,478.1202,188.89079999999998,"254,4"
608501760.jpg,382.81275,243.9269,734.37525,329.298501,"201,7173913"
84213760.jpg,132.36453999999998,136.291208,223.91767299999998,99.71503,350
507379712.jpg,199.9964,136.569165,379.1528,236.352672,"190,6631579"
359530496.jpg,250.06368000000003,185.91336,272.95824,185.96880000000002,"212,539749"
967835648.jpg,567.462883,367.47436799999997,905.3989839999999,602.087877,375
